5,67,1,,,,t,2023-05-15 14:55:42.023+05:30,2023-05-15 14:55:42.023+05:30,1,1
7,78,1,,,,t,2023-06-23 16:07:41.034+05:30,2023-06-23 16:07:41.034+05:30,2,2
8,80,1,,,,t,2023-06-26 10:09:22.89+05:30,2023-06-26 10:09:22.89+05:30,,5
9,81,1,,,,t,2023-06-26 10:49:53.618+05:30,2023-06-26 10:49:53.618+05:30,,4
10,92,1,,,,t,2023-06-26 11:54:44.739+05:30,2023-06-26 11:54:44.739+05:30,,7
11,93,1,,,,t,2023-06-30 13:07:57.351+05:30,2023-06-30 13:07:57.351+05:30,,8
12,95,1,,,,t,2023-06-30 13:10:45.774+05:30,2023-06-30 13:10:45.774+05:30,,5
13,107,5,,,,t,2023-07-13 16:52:21.865+05:30,2023-07-13 16:52:21.865+05:30,,3
14,110,1,,,,t,2023-07-14 09:43:57.328+05:30,2023-07-14 09:43:57.328+05:30,,2
15,112,1,,,,t,2023-07-14 15:04:23.367+05:30,2023-07-14 15:04:23.367+05:30,,4
16,113,1,,,,t,2023-07-14 15:06:42.625+05:30,2023-07-14 15:06:42.625+05:30,,3
17,115,1,,,,t,2023-07-17 13:03:07.849+05:30,2023-07-17 13:03:07.849+05:30,,6
18,116,5,,,,t,2023-07-18 12:18:24.925+05:30,2023-07-18 12:18:24.925+05:30,,6
19,119,1,,,,t,2023-08-17 14:39:58.726+05:30,2023-08-17 14:39:58.726+05:30,,7
20,120,6,,,,t,2023-08-18 09:50:26.604+05:30,2023-08-18 09:50:26.604+05:30,,5
21,121,1,,,,t,2023-08-22 11:11:26.198+05:30,2023-08-22 11:11:26.198+05:30,,1
22,158,1,,,,t,2023-09-01 15:16:21.127+05:30,2023-09-01 15:16:21.127+05:30,,
6,69,2,,,,t,2023-06-15 11:39:49.921+05:30,2023-06-15 11:39:49.921+05:30,1,1
23,159,5,,,,t,2023-09-04 13:10:56.2+05:30,2023-09-04 13:10:56.2+05:30,,6
24,160,5,,,,t,2023-09-04 13:24:10.816+05:30,2023-09-04 13:24:10.816+05:30,,6
25,161,5,,,,t,2023-09-04 13:25:01.155+05:30,2023-09-04 13:25:01.155+05:30,,6
26,164,5,,,,t,2023-09-04 15:58:09.05+05:30,2023-09-04 15:58:09.05+05:30,,6
27,165,1,,,,t,2023-09-07 13:09:44.109+05:30,2023-09-07 13:09:44.109+05:30,,7
28,166,1,,,,t,2023-09-11 10:12:34.981+05:30,2023-09-11 10:12:34.981+05:30,,6
29,168,5,,,,t,2023-09-12 11:34:48.88+05:30,2023-09-12 11:34:48.88+05:30,,1
30,171,1,,,,t,2023-09-13 10:25:24.778+05:30,2023-09-13 10:25:24.778+05:30,,6
31,178,1,,,,t,2023-09-13 11:13:10.925+05:30,2023-09-13 11:13:10.925+05:30,,6
32,181,5,,,,t,2023-09-14 15:21:26.102+05:30,2023-09-14 15:21:26.102+05:30,,9
33,182,1,,,,t,2023-09-26 11:22:44.65+05:30,2023-09-26 11:22:44.65+05:30,,6
34,183,5,,,,t,2023-09-28 12:20:15.758+05:30,2023-09-28 12:20:15.758+05:30,,9
35,184,1,,,,t,2023-09-28 12:27:23.292+05:30,2023-09-28 12:27:23.292+05:30,,6
36,185,5,,,,t,2023-09-29 12:40:45.508+05:30,2023-09-29 12:40:45.508+05:30,,9
37,186,1,,,,t,2023-10-06 10:39:12.639+05:30,2023-10-06 10:39:12.639+05:30,,7
38,194,1,,,,t,2023-10-13 13:31:13.045+05:30,2023-10-13 13:31:13.045+05:30,,6
39,195,5,,,,t,2023-10-18 11:10:27.743+05:30,2023-10-18 11:10:27.743+05:30,,6
40,200,1,,,,t,2023-10-20 10:54:57.008+05:30,2023-10-20 10:54:57.008+05:30,,6
41,203,5,,,,t,2023-10-26 11:26:47.736+05:30,2023-10-26 11:26:47.736+05:30,,7
42,208,3,,,,t,2023-11-07 12:54:15.48+05:30,2023-11-07 12:54:15.48+05:30,,12
